Categories,text
整体,不新鲜
整体,放心购买
整体,还会来
体验,购物很愉快
整体,质量很好
整体,下次还会再来
整体,营养丰富
包装,保温箱配送
包装,包装非常赞
包装,每一包很有份量
体验,服务态度好
价格,货真价实
包装,包装非常的好
体验,客服态度专业热情
整体,很好
价格,性价比非常高
体验,感觉不错
口味,香味醇厚
整体,相差甚远
包装,外观也好看
整体,值得一提
包装,小包装非常方便
价格,非常划算
整体,很无语
物流,快递套了个箱子
整体,全家爱吃
口味,很有食欲
整体,真细心
体验,店家非常有心
口味,下饭
物流,今天就到了
整体,不太合适
价格,物超所值
口味,味道浓郁
整体,食物新鲜
口味,非常清淡
整体,材质上档次
口味,口味好
整体,品质还不错
体验,客服专业
包装,包装很好
物流,送货快的
口味,辣度咸度刚好
口味,个人口味比较适合
口味,味道香辣鲜美
整体,颗粒挺大
整体,生产日期太差了
口味,比较香
体验,品牌值得信赖
价格,性价比高
整体,挺惊喜的
物流,物流公司服务态度很好
口味,咸味够了
包装,外观上档次
物流,物流非常快
整体,不安全
整体,差远了
物流,物流也很快
体验,品牌就是好
口味,很好吃
口味,味道较少
口味,呛人
体验,商家非常用心
口味,流连忘返
口味,味道挺好
物流,配送很周到
体验,商品品質有保障
口味,味道还行吧
价格,特价活动
整体,可以吃好久
整体,有自己的生产日期
整体,整体满意
价格,价格不贵
价格,价格还优惠
整体,颗粒不错
体验,色泽油润
体验,售後服務很到位
包装,包装很用心
口味,非常的开胃
体验,服务很好
体验,服务好
整体,很喜欢可以
整体,太坏了
价格,性价比超高
包装,包装非常的完好
物流,很快
整体,五星好评
口味,味道挺香的
价格,很实惠
整体,品质优良
体验,店评价很不错
物流,物流送货快
体验,保证正品
口味,难吃
口味,味道酱香
整体,对身体好
整体,营养
整体,无添加
体验,谢谢掌柜
口味,味道非常鲜香
整体,货这么好
整体,很稠
物流,物流配送一整天
体验,购物非常满意
物流,快递员态度很好
整体,吃着放心
整体,吃完还会购买
整体,比较满意
口味,香气四溢
体验,品牌有保证
包装,无泄漏
口味,有点微辣
体验,服务态度也好
包装,审美标准符合
体验,商家有信誉
价格,活动力度大
整体,点赞
体验,及时解答
整体,满意
口味,好喝
口味,不同口味很特别
整体,购买多次
物流,快递服务就是好
整体,继续来购买
物流,一天就到了
整体,以后会继续回购
口味,不够辣
包装,都浸湿了
口味,辣味重
整体,货真价实
价格,价格有点贵了
整体,豆类多了点
口味,从没有品尝过的
体验,颜色很正很红
包装,严实
整体,真挺合适
口味,辣
包装,颜值非常高
价格,不要不要的
体验,店主人很好
口味,风味口感很清淡
口味,味道真的好
物流,京东物流非常好
整体,真的非常棒
整体,还会继续复购
物流,非常方便
整体,分量足够
整体,质量好
整体,牛肉还多
口味,特别的浓香
体验,服务很热情
包装,特别脏
口味,味道很正宗
口味,比较腻
体验,客服态度好
口味,差点感觉
包装,撒出来
体验,正品有保证
包装,包装很细致
口味,不怎么好吃
口味,味道怪怪的
整体,太赞
体验,发货速度非常快
整体,一直都很好
整体,出毛病
包装,瓶装太不靠谱
整体,份量很足
体验,售后超级差
整体,害的我
口味,口味很好
口味,口感香辣酸爽
整体,不二选择
体验,非常的健康
物流,方便快捷
整体,这么好
口味,不咸
物流,送货快
口味,色香味俱全
体验,购物体验很好的
价格,价格公道
包装,存储方便
整体,向大家推荐
整体,还会再买
口味,容易腻
整体,还好吧
整体,超出期望值
整体,养胃
整体,用料扎实
物流,第二天就收到了
物流,发货送货速度
口味,酸酸辣辣的
整体,下次还会
物流,物流速度酷塞
包装,包装精制
整体,配方好
口味,粥吃起来不错
口味,更加美味
整体,可以放心的使用
整体,特别好
整体,一如既往的支持
体验,很有耐心
整体,非常合适
体验,非常有心
物流,冷链配送
整体,分量足
价格,超级划算
整体,油很多
口味,很软糯
整体,都挺好
口味,风味口感挺不错的
口味,有嚼劲儿
口味,太好吃了
体验,购物实在方便
口味,口味不喜欢
物流,送货神速
物流,送货不耽误
口味,炒饭好吃
整体,非常健康
物流,物流速度飞快
整体,挺不错
口味,口感醇香
包装,包装真空
整体,欢迎来品尝
整体,爱你呦
整体,买了无数次
物流,物流慢
体验,颜色挺好
整体,购物很满意
口味,不好吃
整体,再次回购
整体,很满意很好
口味,口感蛮黏稠的
整体,放心
整体,简单
价格,价格贵
体验,血糖控制的更好
整体,简直太爱了
口味,粥挺粘稠的
体验,看着就很有食欲
整体,营养也高
整体,一直买
包装,包装非常仔细、严实
物流,快递也不赖
包装,包装很好看
口味,看着就香
整体,很棒
价格,便宜了很多
物流,物流非常方便
整体,豆子米
整体,不喜欢
整体,感谢
价格,价格实惠一些
物流,配送表白
物流,物流一流
口味,味道不错
包装,会漏
整体,牛肉粒挺多的
包装,外观好看
整体,非常不错
整体,生产日期比较新
整体,质量有保证
整体,产地很好的
整体,没有让我失望
整体,产品有机
体验,五谷杂粮同描述相符
口味,香
物流,方便
整体,杂粮丰富多样
整体,不含防腐剂
价格,很划算
包装,包装干净
整体,质量满意
包装,产品包装还不错
整体,家庭必备
整体,满意这次
体验,看着就有食欲
包装,食用很方便
口味,软糯可口
物流,发货神速
包装,包装密封很好
包装,包装清新
整体,特别喜欢
整体,总体一般
体验,值得客户信赖
物流,发货速度非常快
整体,配料丰富
口味,味道非常喜欢
物流,快递速度可以
体验,态度热情
物流,配送快
体验,颜色非常棒
物流,快递速度很快
整体,特别棒
整体,米有点少
整体,没有什么灵魂
价格,划算
整体,无功无过
物流,物流体验真差
口味,很有口感
整体,质量蛮好
整体,糖比水多
口味,味道非常好
整体,很新鲜
物流,物流很速度
包装,小瓶子样子很可爱
整体,还会继续购入
体验,经典
物流,速度非常喜欢
物流,冰鲜保鲜柜送过来
包装,包装仔细
口味,口感味道好
物流,物流有点慢
口味,老家的味道
整体,喜欢
整体,拎着特别重
整体,果断好评
口味,没辣味
包装,规格正常
整体,一级棒
整体,回购
口味,味道很好
物流,快递很好很快
口味,味道喜欢
整体,我很喜欢
整体,挺行的
整体,很惊喜
物流,配送速度快
整体,份量足
体验,品牌知名
整体,赞
整体,很赞
价格,价格非常的实惠
体验,加工技术精细
包装,包装不错
整体,可以放心购买
整体,搭配很喜欢
口味,口感棒棒哒
口味,口味很独特
整体,赞赞哒
包装,包装还不错
整体,不如
体验,手感不错
物流,物流很快
口味,有点咸
口味,香味满满
整体,首选
价格,很便宜
物流,物流靠谱
整体,还不错
物流,物流快捷给力
价格,超超超值
口味,也还好吃
整体,分量很足
物流,快递给力
包装,简单明了
包装,没有溢漏
价格,挺划算
口味,味道棒棒哒
体验,京东购物方便
口味,没有原来那么好吃
整体,营养补充齐全
口味,非常好吃
口味,全是甜味
整体,用很久
价格,性价比很高
物流,快递也很快
整体,质量令人堪忧
整体,拒绝口味单一
整体,有机的杂粮吃着健康
物流,蛮快的
包装,包装精美绝伦
整体,完全超出期望值
口味,香香的
整体,搭配干净卫生
体验,态度极差
包装,包装整齐
整体,毫不犹豫的下单
整体,豆子太多
整体,脂肪少
价格,价格很优惠
口味,味道很正
整体,值得信赖
整体,相当满意
体验,大品牌
整体,不易熟
整体,第二次购买
物流,发货很快
包装,实物比图片更好看
整体,牛肉粒一颗颗的
包装,包装完整
包装,漏液
体验,有问必答
价格,最便宜的一次
整体,质量不错
包装,包装很严实
体验,营养价值高
物流,到货非常快
价格,物美价廉
整体,描述完全一致
物流,快递很快
口味,味道香
物流,送货速度很快
口味,口味非常的丰富
体验,大品牌值得信赖
整体,丰富
口味,吃起来很好吃
物流,物流满分
物流,快递够快
整体,都喜欢
包装,盖子很松
包装,包装好
包装,颜值高
物流,速度很快
价格,价位亲民
整体,囤货
价格,价格亲民
整体,下次还来买
整体,豆子变质了
物流,冷链完整给力
包装,袋子都是脏的
整体,很有分量
口味,香辣可口
口味,米饭好吃
整体,安全绿色
价格,優惠活動多
口味,味道更好
整体,赶紧下手
整体,老顾客了
价格,优惠
整体,干净
整体,能看见肉
物流,运输块
整体,非常棒
价格,价格特别实惠
整体,一般
整体,扔了
口味,基本上不辣
价格,价格优惠
包装,包装没有一点破损
整体,不错的
价格,有点贵
整体,色香味俱佳
整体,日期很新
口味,辣的够劲
整体,产品质量很好
物流,发货速度很快
物流,物流挺快
口味,味道熟悉的
包装,真空包装
价格,比超市便宜
整体,没有坏的东西
整体,应该可以
价格,打折很划算
整体,非常惊喜
口味,超级好吃
口味,口感软绵
口味,口感很好
整体,值得推荐
包装,包装太简陋
物流,购物方便
口味,味道最佳
整体,果断下单
整体,比想象中好
口味,味道好的话
整体,值得买
整体,小沙粒
口味,味道正合适
口味,风味口感非常好
价格,价格实惠偏宜
整体,太狠了
整体,会回购
体验,服务态度非常的可以
口味,好好吃
整体,购物非常满意
包装,小袋装很方便
整体,刚刚好
整体,真的不错
整体,产品的生产日期非常的新鲜
整体,挺好的
口味,口感好吃
整体,最好
整体,谷物饱满
整体,下次再来购买
物流,物流非常的快
口味,味道还不错
物流,运送速度很快
包装,包装没有出现破损
物流,发货很及时
口味,口感真的很好
物流,快递送货很快
整体,棒棒哒
整体,不是第一次买
体验,顾客至上
口味,不油腻
整体,最满意
体验,颜色正
整体,有待提升
体验,售后方便
价格,搞活动
体验,小礼物
体验,可惜
口味,粗粮有嚼劲
口味,味道纯正
物流,很快就到货
整体,日期新近
整体,卫生方便
口味,不黏稠
体验,款式非常棒
口味,味美
口味,没有辣椒香
价格,这么便宜
整体,满意点赞
整体,很不错
包装,包装没有破损
包装,很方便
体验,服务就是好
价格,做活动
物流,当天就送到
口味,糊嘴
口味,味道不算惊艳
包装,不好携带
价格,有活动
整体,做工精良
整体,还好
包装,包装全都是油
体验,问题一一回答
体验,淘货最满意的
体验,服务有问必答
口味,太过于甜了
整体,非常好
价格,超值
物流,物流速度快
体验,购物愉快
包装,满满一大箱
价格,价格划算
价格,真的特别划算
物流,送货上门
体验,质感很好
物流,物流比较快
物流,配送物流准确迅速
整体,特别特别棒
口味,应该不错
整体,放了很长时间
口味,炒菜很香
整体,太可笑了
口味,味道一般般
整体,很好看
体验,客服态度很好
整体,五谷杂粮满心期待
口味,八宝粥的味道很足
口味,味道香辣混合
物流,暴力运输
整体,继续买
整体,很是喜欢
包装,包装简明
整体,安全可靠
体验,回复也很快
整体,生产日期新
体验,东北好大米
价格,价钱很值
体验,肠胃很舒服
整体,花生颗粒比较多
物流,配送员态度满分
口味,香味浓
整体,评论很一般
口味,一般糊味
整体,用料多种
价格,不贵
整体,方便
口味,拌面拌饭完美
包装,产品分袋包装
整体,买了很多次
体验,小礼品
整体,吃的放心
整体,必须好评
整体,强一些
价格,秒杀超值
体验,卖家服务也好
物流,很专业也很快
口味,米香味很浓郁
整体,保质期挺短
体验,30天不重样
整体,支持喜欢
体验,售后及时
口味,味道纯正好吃
体验,很详细
口味,味道好好吃
物流,速度超快
体验,服务也好
包装,看着非常不错
包装,包装很完整干净
体验,体验最差
整体,太单调
整体,超喜欢
包装,没有任何破损
整体,谷物干净
包装,封口破裂
口味,特下饭
包装,包装严实卫生
物流,物流冷链专用箱运输
物流,到货快
整体,很喜欢
包装,利于存放
口味,风味更好了
口味,烧太过
整体,经常购买
整体,有些失望
口味,真是好吃啊
整体,确实不错
价格,价美物廉
口味,美味
包装,没有塑封
物流,发货速度快
包装,外包装完好无损
口味,口味正
包装,包装不好
整体,养生保健食品
包装,独立包装可以单独存储
体验,品牌非常值得信赖
整体,囤很多
包装,满方便的
整体,还会继续买
价格,价格优
口味,味道还可以
整体,应该不错
整体,真的很喜欢
物流,物流太快了
口味,口感还行吧
口味,味道过于甜了
整体,谢谢
整体,必备调料
体验,牌子放心
物流,配送好
整体,日期新鲜
整体,这么的丰富
整体,讓我很放心
整体,适合
口味,真心是好吃
包装,包装方便
整体,有营养
物流,到位
口味,超美味
整体,特别特别喜欢
整体,真心喜欢
整体,买过多次了
口味,味道巴适
整体,又买了
物流,快递小哥送货准时
整体,材质优秀
整体,无限回购
物流,冰袋运送
体验,购物体验愉快
口味,好吃的不要不要的
物流,快递很给力
整体,每天都在吃
价格,有点小贵
体验,服务周到
包装,方便使用
整体,生产日期是新米
口味,味道真的很好
价格,价格有点贵
体验,客服一流
口味,没番茄味
整体,拉肚子
价格,大减价
价格,优惠促销活动优惠挺大的
体验,值得信赖
物流,送货到家
口味,就是这个味
体验,转粉
体验,服务态度很好
包装,包装很扎实
整体,辣椒块大
整体,赶紧入手
价格,价格合适
体验,品牌真心都很不错
包装,包装精美
物流,快递一言难尽
体验,信任
包装,特别方便
包装,真空包装非常好
包装,食用方便
口味,蒜味浓郁
整体,核桃新鲜
物流,送货门都懒的上
整体,太好了
整体,非常喜欢
整体,质量非常好
整体,质量一直有保证
物流,本身的箱子一点没受伤
整体,30天不重样
整体,质量有保障
物流,效率很快的
包装,包装压缩
体验,耐心
体验,健康
体验,冒牌货
价格,特卖活动
包装,不胀气
整体,感觉很好
物流,物流快捷迅速
口味,有食欲
包装,包装严实
物流,物流也还可以
整体,肉粒大又多
整体,日期有点久
整体,豆豉很多
价格,实惠
整体,吃完再买一些
整体,豆子没有坏
整体,配的不是很好
口味,有点细腻
口味,口味不符合
整体,还是很好的
整体,值得选择
整体,质量很不错
体验,卖家描述完全一致
整体,总而言之挺好
包装,包装快递满分
物流,物流也快
整体,美中不足
包装,单独小包装
整体,很干净
整体,谢谢你们
包装,不漏气
口味,下饭菜特别适合
价格,价格有点小贵
口味,很难吃
包装,油全部漏出来了
整体,很麻烦
口味,味道偏咸
包装,非常方便
价格,价格没谁了
口味,很香
物流,物流速度很快
物流,很方便
整体,必备良品
物流,送货速度快
整体,多次购买
整体,思路不错
口味,贼辣
整体,好评
包装,纸箱都是油
整体,复购
口味,贼好吃
口味,真的好好吃
整体,产品很新鲜
价格,优惠活动
整体,没有异味
包装,包装小
整体,十分给力
整体,没有杂质
包装,真空袋装
整体,日期好
